name,rank,year,industry,sector,headquarters_state,headquarters_city,market_value_mil,revenue_mil,profit_mil,asset_mil,employees,founder_is_ceo,female_ceo,newcomer_to_fortune_500,global_500
Walmart,1,2023,General Merchandisers,Retailing,AR,Bentonville,397475.0,611289.0,11680.0,243197.0,2100000.0,no,no,no,yes
Amazon,2,2023,Internet Services and Retailing,Retailing,WA,Seattle,1058440.0,513983.0,2722.0,462675.0,1541000.0,no,no,no,yes
Exxon Mobil,3,2023,Petroleum Refining,Energy,TX,Irving,446424.0,413680.0,55740.0,369067.0,62000.0,no,no,no,yes
Apple,4,2023,"Computers, Office Equipment",Technology,CA,Cupertino,2609039.0,394328.0,99803.0,352755.0,164000.0,no,no,no,yes
UnitedHealth Group,5,2023,Health Care: Insurance and Managed Care,Health Care,MN,Minnetonka,440854.0,324162.0,20120.0,245705.0,400000.0,no,no,no,yes
CVS Health,6,2023,Health Care: Pharmacy and Other Services,Health Care,RI,Woonsocket,95422.0,322467.0,4149.0,228275.0,259500.0,no,yes,no,yes
Berkshire Hathaway,7,2023,Insurance: Property and Casualty (Stock),Financials,NE,Omaha,675657.0,302089.0,22819.0,948452.0,383000.0,no,no,no,yes
Alphabet,8,2023,Internet Services and Retailing,Technology,CA,Mountain View,1330201.0,282836.0,59972.0,365264.0,190234.0,no,no,no,yes
McKesson,9,2023,Wholesalers: Health Care,Health Care,TX,Irving,48757.0,263966.0,1114.0,63298.0,66500.0,no,no,no,yes
Chevron,10,2023,Petroleum Refining,Energy,CA,San Ramon,311093.0,246252.0,35465.0,257709.0,43846.0,no,no,no,yes
AmerisourceBergen,11,2023,Wholesalers: Health Care,Health Care,PA,Conshohocken,32384.0,238587.0,1699.0,56561.0,41500.0,no,no,no,yes
Costco Wholesale,12,2023,General Merchandisers,Retailing,WA,Issaquah,220354.0,226954.0,5844.0,64166.0,304000.0,no,no,no,yes
Microsoft,13,2023,Computer Software,Technology,WA,Redmond,2146049.0,198270.0,72738.0,364840.0,221000.0,no,no,no,yes
Cardinal Health,14,2023,Wholesalers: Health Care,Health Care,OH,Dublin,19452.0,181364.0,933.0,43878.0,46035.0,no,no,no,yes
Cigna,15,2023,Health Care: Pharmacy and Other Services,Health Care,CT,Bloomfield,75901.0,180516.0,6668.0,143932.0,70231.0,no,no,no,yes
Marathon Petroleum,16,2023,Petroleum Refining,Energy,OH,Findlay,59544.0,180012.0,14516.0,89904.0,17800.0,no,no,no,yes
Phillips 66,17,2023,Petroleum Refining,Energy,TX,Houston,46727.0,175702.0,11024.0,76442.0,13000.0,no,no,no,yes
Valero Energy,18,2023,Petroleum Refining,Energy,TX,San Antonio,51351.0,171189.0,11528.0,60982.0,9743.0,no,no,no,yes
Ford Motor,19,2023,Motor Vehicles & Parts,Motor Vehicles & Parts,MI,Dearborn,50400.0,158057.0,1981.0,255884.0,173000.0,no,no,no,yes
Home Depot,20,2023,Specialty Retailers: Other,Retailing,GA,Atlanta,299534.0,157403.0,17105.0,76445.0,471600.0,no,no,no,yes
General Motors,21,2023,Motor Vehicles & Parts,Motor Vehicles & Parts,MI,Detroit,51155.0,156735.0,9934.0,264037.0,167000.0,no,yes,no,yes
Elevance Health,22,2023,Health Care: Insurance and Managed Care,Health Care,IN,Indianapolis,109098.0,156595.0,6025.0,102772.0,102300.0,no,yes,no,yes
JPMorgan Chase,23,2023,Commercial Banks,Financials,NY,New York,383549.0,154792.0,37676.0,3665743.0,293723.0,no,no,no,yes
Kroger,24,2023,Food & Drug Stores,Food & Drug Stores,OH,Cincinnati,35421.0,148258.0,2244.0,49623.0,430000.0,no,no,no,yes
Centene,25,2023,Health Care: Insurance and Managed Care,Health Care,MO,St. Louis,34810.0,144547.0,1202.0,76870.0,74300.0,no,yes,no,yes
Verizon Communications,26,2023,Telecommunications,Telecommunications,NY,New York,163333.0,136835.0,21256.0,379680.0,117100.0,no,no,no,yes
Walgreens Boots Alliance,27,2023,Food & Drug Stores,Food & Drug Stores,IL,Deerfield,29836.0,132703.0,4337.0,90124.0,262500.0,no,yes,no,yes
Fannie Mae,28,2023,Diversified Financials,Financials,DC,Washington,475.0,121596.0,12923.0,4305288.0,8000.0,no,yes,no,yes
Comcast,29,2023,Telecommunications,Telecommunications,PA,Philadelphia,159831.0,121427.0,5370.0,257275.0,186000.0,no,no,no,yes
AT&T,30,2023,Telecommunications,Telecommunications,TX,Dallas,137250.0,120741.0,8524.0,402853.0,160700.0,no,no,no,yes
Meta Platforms,31,2023,Internet Services and Retailing,Technology,CA,Menlo Park,549484.0,116609.0,23200.0,185727.0,86482.0,yes,no,no,yes
Bank of America,32,2023,Commercial Banks,Financials,NC,Charlotte,228780.0,115053.0,27528.0,3051375.0,216823.0,no,no,no,yes
Target,33,2023,General Merchandisers,Retailing,MN,Minneapolis,76250.0,109120.0,2780.0,53335.0,440000.0,no,no,no,yes
Dell Technologies,34,2023,"Computers, Office Equipment",Technology,TX,Round Rock,29402.0,102301.0,2442.0,89611.0,133000.0,yes,no,no,yes
Archer Daniels Midland,35,2023,Food Production,"Food, Beverages & Tobacco",IL,Chicago,43530.0,101556.0,4340.0,59774.0,41181.0,no,no,no,yes
Citigroup,36,2023,Commercial Banks,Financials,NY,New York,91270.0,101078.0,14845.0,2416676.0,238104.0,no,yes,no,yes
UPS,37,2023,"Mail, Package, and Freight Delivery",Transportation,GA,Atlanta,166189.0,100338.0,11548.0,71124.0,404700.0,no,yes,no,yes
Pfizer,38,2023,Pharmaceuticals,Health Care,NY,New York,230292.0,100330.0,31372.0,197205.0,83000.0,no,no,no,yes
Lowe's,39,2023,Specialty Retailers: Other,Retailing,NC,Mooresville,119253.0,97059.0,6437.0,43708.0,244500.0,no,no,no,yes
Johnson & Johnson,40,2023,Pharmaceuticals,Health Care,NJ,New Brunswick,483576.0,94943.0,17941.0,187378.0,152700.0,no,no,no,yes
FedEx,41,2023,"Mail, Package, and Freight Delivery",Transportation,TN,Memphis,57431.0,93512.0,3826.0,85994.0,464400.0,no,no,no,yes
Humana,42,2023,Health Care: Insurance and Managed Care,Health Care,KY,Louisville,60719.0,92870.0,2806.0,43055.0,67100.0,no,no,no,yes
Energy Transfer,43,2023,Pipelines,Energy,TX,Dallas,38590.0,89876.0,4756.0,105643.0,12565.0,no,no,no,yes
State Farm Insurance,44,2023,Insurance: Property and Casualty (Mutual),Financials,IL,Bloomington,,89328.0,6654.0,318243.0,60519.0,no,no,no,yes
Freddie Mac,45,2023,Diversified Financials,Financials,VA,McLean,266.0,86717.0,9327.0,3208333.0,7819.0,no,no,no,yes
PepsiCo,46,2023,Food Consumer Products,"Food, Beverages & Tobacco",NY,Purchase,251085.0,86392.0,8910.0,92187.0,315000.0,no,no,no,yes
Wells Fargo,47,2023,Commercial Banks,Financials,CA,San Francisco,141188.0,82859.0,13182.0,1881016.0,238000.0,no,no,no,yes
Walt Disney,48,2023,Entertainment,Media,CA,Burbank,182920.0,82722.0,3145.0,203631.0,195800.0,no,no,no,yes
ConocoPhillips,49,2023,"Mining, Crude-Oil Production",Energy,TX,Houston,120777.0,82156.0,18680.0,93829.0,9500.0,no,no,no,yes
Tesla,50,2023,Motor Vehicles & Parts,Motor Vehicles & Parts,TX,Austin,656425.0,81462.0,12556.0,82338.0,127855.0,yes,no,no,yes
Procter & Gamble,51,2023,Household and Personal Products,Household Products,OH,Cincinnati,350781.0,80187.0,14742.0,117208.0,106000.0,no,no,no,yes
General Electric,52,2023,Industrial Machinery,Industrials,MA,Boston,104231.0,76555.0,225.0,187788.0,172000.0,no,no,no,yes
Albertsons,53,2023,Food & Drug Stores,Food & Drug Stores,ID,Boise,11132.0,71887.0,1620.0,28123.0,195750.0,no,no,no,yes
MetLife,54,2023,"Insurance: Life, Health (Stock)",Financials,NY,New York,44867.0,69898.0,2539.0,666611.0,45000.0,no,no,no,yes
Goldman Sachs Group,55,2023,Commercial Banks,Financials,NY,New York,113964.0,68711.0,11261.0,1441799.0,48500.0,no,no,no,yes
Sysco,56,2023,Wholesalers: Food and Grocery,Wholesalers,TX,Houston,39202.0,68636.0,1359.0,22086.0,70510.0,no,no,no,yes
Raytheon Technologies,57,2023,Aerospace & Defense,Aerospace & Defense,VA,Arlington,143292.0,67074.0,5197.0,158864.0,182000.0,no,no,no,yes
Boeing,58,2023,Aerospace & Defense,Aerospace & Defense,VA,Arlington,127283.0,66608.0,4935.0,137100.0,156000.0,no,no,no,yes
StoneX Group,59,2023,Diversified Financials,Financials,NY,New York,2138.0,66036.0,207.0,19860.0,3615.0,no,no,no,yes
Lockheed Martin,60,2023,Aerospace & Defense,Aerospace & Defense,MD,Bethesda,120319.0,65984.0,5732.0,52880.0,116000.0,no,no,no,yes
Morgan Stanley,61,2023,Commercial Banks,Financials,NY,New York,147674.0,65936.0,11029.0,1180231.0,82427.0,no,no,no,yes
Intel,62,2023,Semiconductors and Other Electronic Components,Technology,CA,Santa Clara,136268.0,63054.0,8014.0,182103.0,131900.0,no,no,no,yes
HP,63,2023,"Computers, Office Equipment",Technology,CA,Palo Alto,28919.0,62983.0,3203.0,38587.0,58000.0,no,no,no,yes
TD Synnex,64,2023,Wholesalers: Electronics and Office Equipment,Wholesalers,CA,Fremont,9061.0,62344.0,651.0,29734.0,28500.0,no,no,no,yes
IBM,65,2023,Information Technology Services,Technology,NY,Armonk,118913.0,60530.0,1639.0,127243.0,303100.0,no,no,no,yes
HCA Healthcare,66,2023,Health Care: Medical Facilities,Health Care,TN,Nashville,73107.0,60233.0,5643.0,52438.0,250500.0,no,no,no,yes
Prudential Financial,67,2023,"Insurance: Life, Health (Stock)",Financials,NJ,Newark,30363.0,60050.0,1438.0,689917.0,39583.0,no,no,no,yes
Caterpillar,68,2023,Construction and Farm Machinery,Industrials,TX,Irving,118161.0,59427.0,6705.0,81943.0,109100.0,no,no,no,yes
Merck,69,2023,Pharmaceuticals,Health Care,NJ,Rahway,270081.0,59283.0,14519.0,109160.0,68000.0,no,no,no,yes
World Fuel Services,70,2023,Energy,Energy,FL,Miami,1585.0,59043.0,114.0,8165.0,5214.0,no,no,no,yes
New York Life Insurance,71,2023,"Insurance: Life, Health (Mutual)",Financials,NY,New York,,58445.0,1127.0,392126.0,15050.0,no,no,no,yes
Enterprise Products Partners,72,2023,Pipelines,Energy,TX,Houston,56224.0,58186.0,5490.0,68108.0,7300.0,no,no,no,yes
AbbVie,73,2023,Pharmaceuticals,Health Care,IL,North Chicago,281151.0,58054.0,11836.0,138805.0,50000.0,no,no,no,yes
Plains GP Holdings,74,2023,Pipelines,Energy,TX,Houston,2551.0,57342.0,168.0,29207.0,4100.0,no,no,no,yes
Dow,75,2023,Chemicals,Chemicals,MI,Midland,38812.0,56902.0,4582.0,60603.0,37800.0,no,no,no,yes
AIG,76,2023,Insurance: Property and Casualty (Stock),Financials,NY,New York,36948.0,56437.0,10276.0,526634.0,26200.0,no,no,no,yes
American Express,77,2023,Diversified Financials,Financials,NY,New York,122734.0,55625.0,7514.0,228354.0,77300.0,no,no,no,yes
Publix Super Markets,78,2023,Food & Drug Stores,Food & Drug Stores,FL,Lakeland,,54942.0,2918.0,31047.0,242000.0,no,no,no,yes
Charter Communications,79,2023,Telecommunications,Telecommunications,CT,Stamford,60477.0,54022.0,5055.0,144523.0,101700.0,no,no,no,yes
Tyson Foods,80,2023,Food Production,"Food, Beverages & Tobacco",AR,Springdale,21096.0,53282.0,3238.0,36821.0,142000.0,no,no,no,yes
Deere,81,2023,Construction and Farm Machinery,Industrials,IL,Moline,122346.0,52577.0,7131.0,90030.0,82239.0,no,no,no,yes
Cisco Systems,82,2023,Network and Other Communications Equipment,Technology,CA,San Jose,214109.0,51557.0,11812.0,94002.0,83300.0,no,no,no,yes
Nationwide,83,2023,Insurance: Property and Casualty (Mutual),Financials,OH,Columbus,,51450.0,988.0,264511.0,24791.0,no,no,no,yes
Allstate,84,2023,Insurance: Property and Casualty (Stock),Financials,IL,Northbrook,29180.0,51412.0,1311.0,97957.0,54250.0,no,no,no,yes
Delta Air Lines,85,2023,Airlines,Transportation,GA,Atlanta,22392.0,50582.0,1318.0,72288.0,95000.0,no,no,no,yes
Liberty Mutual Insurance Group,86,2023,Insurance: Property and Casualty (Stock),Financials,MA,Boston,,49956.0,414.0,160316.0,50000.0,no,no,no,yes
TJX,87,2023,Specialty Retailers: Apparel,Retailing,MA,Framingham,90315.0,49936.0,3498.0,28349.0,329000.0,no,no,no,yes
Progressive,88,2023,Insurance: Property and Casualty (Stock),Financials,OH,Mayfield Village,83743.0,49611.0,722.0,75465.0,55063.0,no,yes,no,yes
American Airlines Group,89,2023,Airlines,Transportation,TX,Fort Worth,9629.0,48971.0,127.0,64716.0,129700.0,no,no,no,yes
CHS,90,2023,Food Production,"Food, Beverages & Tobacco",MN,Inver Grove Heights,,47792.0,1679.0,18825.0,10014.0,no,no,no,yes
Performance Food Group,91,2023,Wholesalers: Food and Grocery,Wholesalers,VA,Richmond,9422.0,47194.0,113.0,12378.0,34825.0,no,no,no,yes
PBF Energy,92,2023,Petroleum Refining,Energy,NJ,Parsippany,5589.0,46830.0,2877.0,13549.0,3616.0,no,no,no,no
Nike,93,2023,Apparel,Apparel,OR,Beaverton,190161.0,46710.0,6046.0,40321.0,79100.0,no,no,no,yes
Best Buy,94,2023,Specialty Retailers: Other,Retailing,MN,Richfield,17066.0,46298.0,1419.0,15803.0,71100.0,no,yes,no,yes
Bristol-Myers Squibb,95,2023,Pharmaceuticals,Health Care,NY,New York,145780.0,46159.0,6327.0,96820.0,34300.0,no,no,no,yes
United Airlines Holdings,96,2023,Airlines,Transportation,IL,Chicago,14474.0,44955.0,737.0,67358.0,92795.0,no,no,no,no
Thermo Fisher Scientific,97,2023,"Scientific, Photographic and Control Equipment",Technology,MA,Waltham,222150.0,44915.0,6950.0,97154.0,130000.0,no,no,no,yes
Qualcomm,98,2023,Semiconductors and Other Electronic Components,Technology,CA,San Diego,142252.0,44200.0,12936.0,49014.0,51000.0,no,no,no,yes
Abbott Laboratories,99,2023,Medical Products and Equipment,Health Care,IL,Abbott Park,175984.0,43653.0,6933.0,74438.0,115000.0,no,no,no,yes
Coca-Cola,100,2023,Beverages,"Food, Beverages & Tobacco",GA,Atlanta,268361.0,43004.0,9542.0,92763.0,82500.0,no,no,no,yes
Oracle,101,2023,Computer Software,Technology,TX,Austin,250866.0,42440.0,6717.0,109297.0,143000.0,no,yes,no,yes
Nucor,102,2023,Metals,Materials,NC,Charlotte,38917.0,41513.0,7607.0,32479.0,31400.0,no,no,no,yes
TIAA,103,2023,"Insurance: Life, Health (Mutual)",Financials,NY,New York,,40911.0,494.0,634457.0,16070.0,no,yes,no,yes
Massachusetts Mutual Life Insurance,104,2023,"Insurance: Life, Health (Mutual)",Financials,MA,Springfield,,40281.0,1485.0,381336.0,10662.0,no,no,no,yes
General Dynamics,105,2023,Aerospace & Defense,Aerospace & Defense,VA,Reston,62692.0,39407.0,3390.0,51585.0,106500.0,no,yes,no,yes
Capital One Financial,106,2023,Commercial Banks,Financials,VA,McLean,36776.0,38373.0,7360.0,455249.0,55943.0,yes,no,no,yes
HF Sinclair,107,2023,Petroleum Refining,Energy,TX,Dallas,9492.0,38205.0,2923.0,18126.0,5223.0,no,no,no,no
Dollar General,108,2023,Specialty Retailers: Other,Retailing,TN,Goodlettsville,46114.0,37845.0,2416.0,29083.0,170000.0,no,no,no,yes
Arrow Electronics,109,2023,Wholesalers: Electronics and Office Equipment,Wholesalers,CO,Centennial,7278.0,37124.0,1427.0,21763.0,22300.0,no,no,no,yes
Occidental Petroleum,110,2023,"Mining, Crude-Oil Production",Energy,TX,Houston,56069.0,37095.0,13304.0,72609.0,11973.0,no,yes,no,no
Northwestern Mutual,111,2023,"Insurance: Life, Health (Mutual)",Financials,WI,Milwaukee,,36921.0,912.0,340390.0,8323.0,no,no,no,yes
Travelers,112,2023,Insurance: Property and Casualty (Stock),Financials,NY,New York,39783.0,36884.0,2842.0,115717.0,32175.0,no,no,no,yes
Northrop Grumman,113,2023,Aerospace & Defense,Aerospace & Defense,VA,Falls Church,70203.0,36602.0,4896.0,43755.0,95000.0,no,yes,no,yes
USAA,114,2023,Insurance: Property and Casualty (Stock),Financials,TX,San Antonio,,36297.0,1296.0,204005.0,36820.0,no,no,no,yes
Honeywell International,115,2023,"Electronics, Electrical Equipment",Industrials,NC,Charlotte,127695.0,35466.0,4966.0,62275.0,97000.0,no,no,no,yes
3M,116,2023,Chemicals,Chemicals,MN,St. Paul,57965.0,34229.0,5777.0,46455.0,92000.0,no,no,no,yes
US Foods Holding,117,2023,Wholesalers: Food and Grocery,Wholesalers,IL,Rosemont,8568.0,34057.0,265.0,12773.0,29000.0,no,no,no,yes
Warner Bros. Discovery,118,2023,Entertainment,Media,NY,New York,36778.0,33817.0,7371.0,134001.0,37500.0,no,no,no,no
Lennar,119,2023,Homebuilders,Engineering & Construction,FL,Miami,29726.0,33671.0,4614.0,37984.0,12012.0,no,no,no,no
D.R. Horton,120,2023,Homebuilders,Engineering & Construction,TX,Arlington,33546.0,33480.0,5858.0,30351.0,13237.0,no,no,no,no
Jabil,121,2023,Semiconductors and Other Electronic Components,Technology,FL,St. Petersburg,11750.0,33478.0,996.0,19717.0,250000.0,no,no,no,yes
Cheniere Energy,122,2023,Pipelines,Energy,TX,Houston,38408.0,33428.0,1428.0,41266.0,1551.0,no,no,no,no
Broadcom,123,2023,Semiconductors and Other Electronic Components,Technology,CA,San Jose,267473.0,33203.0,11495.0,73249.0,20000.0,no,no,no,no
CarMax,124,2023,"Automotive Retailing, Services",Retailing,VA,Richmond,10158.0,33197.0,1151.0,26338.0,32647.0,no,no,no,yes
Starbucks,125,2023,Food Services,"Hotels, Restaurants & Leisure",WA,Seattle,119677.0,32250.0,3282.0,27978.0,402000.0,no,no,no,yes
Molina Healthcare,126,2023,Health Care: Insurance and Managed Care,Health Care,CA,Long Beach,15586.0,31974.0,792.0,12314.0,15000.0,no,no,no,no
Uber Technologies,127,2023,Internet Services and Retailing,Technology,CA,San Francisco,63840.0,31877.0,9141.0,32109.0,32800.0,no,no,no,no
Philip Morris International,128,2023,Tobacco,"Food, Beverages & Tobacco",CT,Stamford,150946.0,31762.0,9048.0,61681.0,79800.0,no,no,no,yes
Netflix,129,2023,Entertainment,Media,CA,Los Gatos,153858.0,31616.0,4492.0,48595.0,12800.0,no,no,no,yes
NRG Energy,130,2023,Energy,Energy,TX,Houston,7965.0,31543.0,1221.0,29146.0,6603.0,no,no,no,no
Mondelez International,131,2023,Food Consumer Products,"Food, Beverages & Tobacco",IL,Chicago,95050.0,31496.0,2717.0,71161.0,91000.0,no,no,no,yes
Danaher,132,2023,Medical Products and Equipment,Health Care,DC,Washington,183764.0,31471.0,7209.0,84350.0,80000.0,no,no,no,yes
Salesforce,133,2023,Computer Software,Technology,CA,San Francisco,199780.0,31352.0,208.0,98849.0,79390.0,yes,no,no,no
Paramount Global,134,2023,Entertainment,Media,NY,New York,14657.0,31331.0,1104.0,58393.0,27400.0,no,no,no,yes
CBRE Group,135,2023,Real Estate,Financials,TX,Dallas,22563.0,30828.0,1407.0,20513.0,115000.0,no,no,no,no
Micron Technology,136,2023,Semiconductors and Other Electronic Components,Technology,ID,Boise,66036.0,30758.0,8687.0,66283.0,48000.0,no,no,no,no
Visa,137,2023,Financial Data Services,Business Services,CA,San Francisco,475307.0,29310.0,14957.0,85501.0,26500.0,no,no,no,no
Southern,138,2023,Utilities: Gas and Electric,Energy,GA,Atlanta,75948.0,29279.0,3524.0,134891.0,27562.0,no,no,no,no
United Natural Foods,139,2023,Wholesalers: Food and Grocery,Wholesalers,RI,Providence,1565.0,28928.0,248.0,7628.0,30300.0,no,no,no,no
Paccar,140,2023,Motor Vehicles & Parts,Motor Vehicles & Parts,WA,Bellevue,38251.0,28820.0,3012.0,33276.0,31100.0,no,no,no,no
Duke Energy,141,2023,Utilities: Gas and Electric,Energy,NC,Charlotte,74344.0,28784.0,2550.0,178086.0,27859.0,no,yes,no,no
Eli Lilly,142,2023,Pharmaceuticals,Health Care,IN,Indianapolis,326351.0,28541.0,6245.0,49490.0,39000.0,no,no,no,no
Hewlett Packard Enterprise,143,2023,"Computers, Office Equipment",Technology,TX,Spring,20643.0,28496.0,868.0,57123.0,60200.0,no,no,no,no
Dollar Tree,144,2023,Specialty Retailers: Other,Retailing,VA,Chesapeake,31757.0,28332.0,1615.0,23022.0,136287.0,no,no,no,no
Lithia Motors,145,2023,"Automotive Retailing, Services",Retailing,OR,Medford,6337.0,28188.0,1251.0,15007.0,21875.0,no,no,no,no
Cummins,146,2023,Industrial Machinery,Industrials,IN,Columbus,33811.0,28074.0,2151.0,30299.0,73600.0,no,yes,no,no
Penske Automotive Group,147,2023,"Automotive Retailing, Services",Retailing,MI,Bloomfield Hills,9795.0,27815.0,1380.0,14115.0,26816.0,no,no,no,no
PayPal Holdings,148,2023,Financial Data Services,Business Services,CA,San Jose,85917.0,27518.0,2419.0,78717.0,29900.0,no,no,no,no
U.S. Bancorp,149,2023,Commercial Banks,Financials,MN,Minneapolis,55221.0,27401.0,5825.0,674805.0,76646.0,no,no,no,no
Gilead Sciences,150,2023,Pharmaceuticals,Health Care,CA,Foster City,103614.0,27281.0,4592.0,63171.0,17000.0,no,no,no,no
AutoNation,151,2023,"Automotive Retailing, Services",Retailing,FL,Fort Lauderdale,6301.0,26985.0,1377.0,10060.0,23600.0,no,no,no,no
Nvidia,152,2023,Semiconductors and Other Electronic Components,Technology,CA,Santa Clara,686092.0,26974.0,4368.0,41182.0,26196.0,yes,no,no,no
Kraft Heinz,153,2023,Food Consumer Products,"Food, Beverages & Tobacco",IL,Chicago,47448.0,26485.0,2363.0,90513.0,37000.0,no,no,no,no
Amgen,154,2023,Pharmaceuticals,Health Care,CA,Thousand Oaks,129089.0,26323.0,6552.0,65121.0,25200.0,no,no,no,no
Applied Materials,155,2023,Semiconductors and Other Electronic Components,Technology,CA,Santa Clara,103806.0,25785.0,6525.0,26726.0,33000.0,no,no,no,no
EOG Resources,156,2023,"Mining, Crude-Oil Production",Energy,TX,Houston,67371.0,25702.0,7759.0,41371.0,2850.0,no,no,no,no
Truist Financial,157,2023,Commercial Banks,Financials,NC,Charlotte,45290.0,25356.0,6260.0,555255.0,53987.0,no,no,no,no
Macy's,158,2023,General Merchandisers,Retailing,NY,New York,4747.0,25305.0,1177.0,16866.0,94570.0,no,no,no,no
Union Pacific,159,2023,Railroads,Transportation,NE,Omaha,123146.0,24875.0,6998.0,65449.0,33179.0,no,no,no,no
C.H. Robinson Worldwide,160,2023,Transportation and Logistics,Transportation,MN,Eden Prairie,11417.0,24697.0,941.0,5955.0,17399.0,no,no,no,no
Rite Aid,161,2023,Food & Drug Stores,Food & Drug Stores,PA,Philadelphia,127.0,24568.0,539.0,8529.0,53000.0,no,yes,no,no
Constellation Energy,162,2023,Energy,Energy,MD,Baltimore,25712.0,24440.0,160.0,46909.0,13370.0,no,no,yes,no
Avnet,163,2023,Wholesalers: Electronics and Office Equipment,Wholesalers,AZ,Phoenix,4130.0,24311.0,692.0,10389.0,15300.0,no,no,no,no
Pioneer Natural Resources,164,2023,"Mining, Crude-Oil Production",Energy,TX,Irving,47997.0,24294.0,7845.0,35740.0,2076.0,no,no,no,no
Southwest Airlines,165,2023,Airlines,Transportation,TX,Dallas,19338.0,23814.0,539.0,35369.0,66656.0,no,no,no,no
CDW,166,2023,Information Technology Services,Technology,IL,Lincolnshire,26337.0,23749.0,1115.0,13132.0,15100.0,no,yes,no,no
Advanced Micro Devices,167,2023,Semiconductors and Other Electronic Components,Technology,CA,Santa Clara,157738.0,23601.0,1320.0,67580.0,25000.0,no,yes,no,no
PNC Financial Services Group,168,2023,Commercial Banks,Financials,PA,Pittsburgh,50800.0,23542.0,6041.0,557263.0,60720.0,no,no,no,no
McDonald's,169,2023,Food Services,"Hotels, Restaurants & Leisure",IL,Chicago,204534.0,23183.0,6177.0,50436.0,150000.0,no,no,no,no
Cleveland-Cliffs,170,2023,Metals,Materials,OH,Cleveland,9436.0,22989.0,1335.0,18755.0,27000.0,no,no,no,no
Freeport-McMoRan,171,2023,"Mining, Crude-Oil Production",Energy,AZ,Phoenix,58530.0,22780.0,3468.0,51093.0,25600.0,no,no,no,no
Builders FirstSource,172,2023,"Building Materials, Glass",Materials,TX,Dallas,12253.0,22726.0,2749.0,10595.0,29000.0,no,no,no,no
Oneok,173,2023,Pipelines,Energy,OK,Tulsa,28416.0,22387.0,1722.0,24379.0,2966.0,no,no,no,no
Hartford Financial Services Group,174,2023,Insurance: Property and Casualty (Stock),Financials,CT,Hartford,21817.0,22362.0,1815.0,73022.0,18800.0,no,no,no,no
Charles Schwab,175,2023,Securities,Financials,TX,Westlake,95264.0,22307.0,7183.0,551772.0,35300.0,no,no,no,no
Steel Dynamics,176,2023,Metals,Materials,IN,Fort Wayne,19286.0,22261.0,3863.0,14160.0,12060.0,yes,no,no,no
Mastercard,177,2023,Financial Data Services,Business Services,NY,Purchase,346418.0,22237.0,9930.0,38724.0,29900.0,no,no,no,no
Sherwin-Williams,178,2023,Chemicals,Chemicals,OH,Cleveland,58090.0,22149.0,2020.0,22594.0,64366.0,no,no,no,no
Genuine Parts,179,2023,Wholesalers: Diversified,Wholesalers,GA,Atlanta,23559.0,22096.0,1183.0,16495.0,58000.0,no,no,no,no
PG&E,180,2023,Utilities: Gas and Electric,Energy,CA,Oakland,32154.0,21680.0,1800.0,118644.0,26010.0,no,yes,no,no
WESCO International,181,2023,Wholesalers: Diversified,Wholesalers,PA,Pittsburgh,7897.0,21420.0,861.0,14812.0,20000.0,no,no,no,no
Murphy USA,182,2023,Specialty Retailers: Other,Retailing,AR,El Dorado,5621.0,21266.0,673.0,4123.0,10550.0,no,no,no,no
WestRock,183,2023,"Packaging, Containers",Materials,GA,Atlanta,7759.0,21257.0,945.0,28406.0,50500.0,no,no,no,no
International Paper,184,2023,"Packaging, Containers",Materials,TN,Memphis,12598.0,21161.0,1504.0,23940.0,39000.0,no,no,no,no
Baker Hughes,185,2023,"Oil and Gas Equipment, Services",Energy,TX,Houston,29386.0,21156.0,601.0,34181.0,55000.0,no,no,no,no
United States Steel,186,2023,Metals,Materials,PA,Pittsburgh,5930.0,21065.0,2524.0,19458.0,22740.0,no,no,no,no
NextEra Energy,187,2023,Utilities: Gas and Electric,Energy,FL,Juno Beach,153196.0,20956.0,4147.0,158935.0,15300.0,no,no,no,no
Targa Resources,188,2023,Pipelines,Energy,TX,Houston,16507.0,20930.0,1196.0,19560.0,2850.0,no,no,no,no
Lear,189,2023,Motor Vehicles & Parts,Motor Vehicles & Parts,MI,Southfield,8248.0,20892.0,328.0,13763.0,168700.0,no,no,no,no
Jones Lang LaSalle,190,2023,Real Estate,Financials,IL,Chicago,6926.0,20862.0,655.0,15594.0,103300.0,no,no,no,no
Goodyear Tire & Rubber,191,2023,Motor Vehicles & Parts,Motor Vehicles & Parts,OH,Akron,3122.0,20805.0,202.0,22431.0,74000.0,no,no,no,no
Marriott International,192,2023,"Hotels, Casinos, Resorts","Hotels, Restaurants & Leisure",MD,Bethesda,51287.0,20773.0,2358.0,24815.0,140000.0,no,no,no,no
Marsh & McLennan,193,2023,Diversified Financials,Financials,NY,New York,82371.0,20720.0,3050.0,33454.0,85000.0,no,no,no,no
Altria Group,194,2023,Tobacco,"Food, Beverages & Tobacco",VA,Richmond,79672.0,20688.0,5764.0,36954.0,6300.0,no,no,no,no
Coupang,195,2023,Internet Services and Retailing,Retailing,WA,Seattle,28388.0,20583.0,92.0,9513.0,63000.0,yes,no,yes,no
Carrier Global,196,2023,Industrial Machinery,Industrials,FL,Palm Beach Gardens,38199.0,20421.0,3534.0,26086.0,52000.0,no,no,no,no
Halliburton,197,2023,"Oil and Gas Equipment, Services",Energy,TX,Houston,28605.0,20297.0,1572.0,23255.0,45000.0,no,no,no,no
Delek US Holdings,198,2023,Petroleum Refining,Energy,TN,Brentwood,1538.0,20246.0,257.0,8193.0,3746.0,no,no,no,no
Kimberly-Clark,199,2023,Household and Personal Products,Household Products,TX,Irving,45293.0,20175.0,1934.0,17970.0,44000.0,no,no,no,no
Texas Instruments,200,2023,Semiconductors and Other Electronic Components,Technology,TX,Dallas,168775.0,20028.0,8749.0,27207.0,33000.0,no,no,no,no
Bank of New York Mellon,201,2023,Commercial Banks,Financials,NY,New York,36736.0,19991.0,2573.0,405783.0,51700.0,no,no,no,no
ManpowerGroup,202,2023,Temporary Help,Business Services,WI,Milwaukee,4191.0,19828.0,374.0,9130.0,30900.0,no,no,no,no
Whirlpool,203,2023,"Electronics, Electrical Equipment",Industrials,MI,Benton Harbor,7197.0,19724.0,1519.0,17124.0,61000.0,no,no,no,no
Waste Management,204,2023,Waste Management,Business Services,TX,Houston,66372.0,19698.0,2238.0,31367.0,49500.0,no,no,no,no
American Electric Power,205,2023,Utilities: Gas and Electric,Energy,OH,Columbus,46806.0,19640.0,2307.0,93469.0,16974.0,no,yes,no,no
Emerson Electric,206,2023,Industrial Machinery,Industrials,MO,St. Louis,49792.0,19629.0,3231.0,35672.0,85500.0,no,no,no,no
Aflac,207,2023,"Insurance: Life, Health (Stock)",Financials,GA,Columbus,39467.0,19502.0,4201.0,131017.0,12882.0,no,no,no,no
Cognizant Technology Solutions,208,2023,Information Technology Services,Technology,NJ,Teaneck,31031.0,19428.0,2290.0,17852.0,355300.0,no,no,no,no
Becton Dickinson,209,2023,Medical Products and Equipment,Health Care,NJ,Franklin Lakes,70277.0,19408.0,1779.0,52934.0,77000.0,no,no,no,no
BJ's Wholesale Club,210,2023,General Merchandisers,Retailing,MA,Marlborough,10186.0,19315.0,513.0,6350.0,34000.0,no,no,no,no
Moderna,211,2023,Pharmaceuticals,Health Care,MA,Cambridge,59232.0,19263.0,8362.0,25858.0,3900.0,no,no,no,no
DTE Energy,212,2023,Utilities: Gas and Electric,Energy,MI,Detroit,22577.0,19228.0,1083.0,42683.0,10250.0,no,no,no,no
Land O'Lakes,213,2023,Food Consumer Products,"Food, Beverages & Tobacco",MN,Arden Hills,,19226.0,241.0,9770.0,9000.0,no,yes,no,no
Kinder Morgan,214,2023,Pipelines,Energy,TX,Houston,39363.0,19200.0,2548.0,70078.0,10525.0,no,no,no,no
Tenet Healthcare,215,2023,Health Care: Medical Facilities,Health Care,TX,Dallas,6077.0,19174.0,411.0,27156.0,89088.0,no,no,no,no
Devon Energy,216,2023,"Mining, Crude-Oil Production",Energy,OK,Oklahoma City,33099.0,19169.0,6015.0,23721.0,1800.0,no,no,no,no
Mosaic,217,2023,Chemicals,Chemicals,FL,Tampa,15438.0,19125.0,3583.0,23386.0,13570.0,no,no,no,no
Exelon,218,2023,Utilities: Gas and Electric,Energy,IL,Chicago,41651.0,19078.0,2170.0,95349.0,19063.0,no,no,no,yes
General Mills,219,2023,Food Consumer Products,"Food, Beverages & Tobacco",MN,Minneapolis,50195.0,18993.0,2707.0,31090.0,32500.0,no,no,no,no
Global Partners,220,2023,Wholesalers: Diversified,Wholesalers,MA,Waltham,1055.0,18878.0,362.0,3161.0,3585.0,no,no,no,no
Western Digital,221,2023,"Computers, Office Equipment",Technology,CA,San Jose,12029.0,18793.0,1500.0,26259.0,65000.0,no,no,no,no
Lincoln National,222,2023,"Insurance: Life, Health (Stock)",Financials,PA,Radnor,3802.0,18766.0,2241.0,335108.0,11316.0,no,yes,no,no
Ross Stores,223,2023,Specialty Retailers: Apparel,Retailing,CA,Dublin,36302.0,18696.0,1512.0,13417.0,101000.0,no,yes,no,no
Stryker,224,2023,Medical Products and Equipment,Health Care,MI,Kalamazoo,108228.0,18449.0,2358.0,36884.0,51000.0,no,no,no,no
Kyndryl Holdings,225,2023,Information Technology Services,Technology,NY,New York,3358.0,18317.0,2054.0,13442.0,90000.0,no,no,yes,no
Kohl's,226,2023,General Merchandisers,Retailing,WI,Menomonee Falls,2607.0,18098.0,19.0,14345.0,66500.0,no,no,no,no
Stanley Black & Decker,227,2023,"Home Equipment, Furnishings",Household Products,CT,New Britain,12333.0,18004.0,1063.0,24963.0,54200.0,no,no,no,no
Colgate-Palmolive,228,2023,Household and Personal Products,Household Products,NY,New York,62535.0,17967.0,1785.0,15731.0,33800.0,no,no,no,no
BlackRock,229,2023,Securities,Financials,NY,New York,100526.0,17873.0,5178.0,117628.0,19800.0,no,no,no,no
Fiserv,230,2023,Financial Data Services,Business Services,WI,Brookfield,70997.0,17737.0,2530.0,83869.0,41000.0,no,no,no,no
Estee Lauder,230,2023,Household and Personal Products,Household Products,NY,New York,88041.0,17737.0,2390.0,20910.0,53865.0,no,no,no,no
PPG Industries,232,2023,Chemicals,Chemicals,PA,Pittsburgh,31439.0,17652.0,1026.0,20744.0,52000.0,no,no,no,no
Adobe,233,2023,Computer Software,Technology,CA,San Jose,176769.0,17606.0,4756.0,27165.0,29239.0,no,no,no,no
Block,234,2023,Financial Data Services,Business Services,CA,San Francisco,41329.0,17532.0,541.0,31364.0,12428.0,yes,no,no,no
Synchrony Financial,235,2023,Diversified Financials,Financials,CT,Stamford,12709.0,17526.0,3016.0,104564.0,18500.0,no,no,no,no
Principal Financial,236,2023,"Insurance: Life, Health (Stock)",Financials,IA,Des Moines,18068.0,17492.0,4812.0,292240.0,19300.0,no,no,no,no
Lumen Technologies,237,2023,Telecommunications,Telecommunications,LA,Monroe,2654.0,17478.0,1548.0,45581.0,29000.0,no,yes,no,no
Corteva,238,2023,Food Production,"Food, Beverages & Tobacco",IN,Indianapolis,42977.0,17455.0,1147.0,42618.0,21000.0,no,no,no,no
Andersons,239,2023,Food Production,"Food, Beverages & Tobacco",OH,Maumee,1396.0,17351.0,131.0,4608.0,2244.0,no,no,no,no
Lam Research,240,2023,Semiconductors and Other Electronic Components,Technology,CA,Fremont,71532.0,17227.0,4605.0,17196.0,17700.0,no,no,no,no
Edison International,241,2023,Utilities: Gas and Electric,Energy,CA,Rosemead,27010.0,17220.0,612.0,78041.0,13110.0,no,no,no,no
Dominion Energy,242,2023,Utilities: Gas and Electric,Energy,VA,Richmond,46699.0,17174.0,994.0,104243.0,17200.0,no,no,no,no
Booking Holdings,243,2023,Internet Services and Retailing,Technology,CT,Norwalk,99859.0,17090.0,3058.0,25361.0,21492.0,no,no,no,no
Quanta Services,244,2023,Engineering & Construction,Engineering & Construction,TX,Houston,23996.0,17074.0,491.0,13464.0,47300.0,no,no,no,no
Expeditors Intl. of Washington,245,2023,Transportation and Logistics,Transportation,WA,Seattle,17009.0,17071.0,1357.0,5590.0,20302.0,no,no,no,no
L3Harris Technologies,246,2023,Aerospace & Defense,Aerospace & Defense,FL,Melbourne,37277.0,17062.0,1062.0,33524.0,46000.0,no,no,no,no
Reliance Steel & Aluminum,247,2023,Metals,Materials,AZ,Scottsdale,15142.0,17025.0,1840.0,10330.0,14750.0,no,yes,no,no
Live Nation Entertainment,248,2023,Entertainment,Media,CA,Beverly Hills,16211.0,16681.0,296.0,16461.0,20550.0,no,no,yes,no
DISH Network,249,2023,Telecommunications,Telecommunications,CO,Englewood,4956.0,16679.0,2303.0,52607.0,14200.0,no,no,no,no
DuPont,250,2023,Chemicals,Chemicals,DE,Wilmington,32895.0,16549.0,5868.0,41355.0,23000.0,no,no,no,no
Automatic Data Processing,251,2023,Diversified Outsourcing Services,Business Services,NJ,Roseland,92247.0,16498.0,2949.0,63068.0,60000.0,no,yes,no,no
Group 1 Automotive,252,2023,"Automotive Retailing, Services",Retailing,TX,Houston,3194.0,16412.0,752.0,6718.0,15491.0,no,no,no,no
Aramark,253,2023,Diversified Outsourcing Services,Business Services,PA,Philadelphia,9326.0,16327.0,195.0,15082.0,273875.0,no,no,no,no
Thor Industries,254,2023,Motor Vehicles & Parts,Motor Vehicles & Parts,IN,Elkhart,4262.0,16313.0,1138.0,7408.0,32000.0,no,no,no,no
DXC Technology,255,2023,Information Technology Services,Technology,VA,Ashburn,5820.0,16265.0,718.0,20139.0,130000.0,no,no,no,no
Viatris,256,2023,Pharmaceuticals,Health Care,PA,Canonsburg,11513.0,16263.0,2079.0,50022.0,37000.0,no,no,no,no
Reinsurance Group of America,257,2023,"Insurance: Life, Health (Stock)",Financials,MO,Chesterfield,8876.0,16258.0,623.0,84706.0,3800.0,no,yes,no,no
AutoZone,258,2023,Specialty Retailers: Other,Retailing,TN,Memphis,45224.0,16252.0,2430.0,15275.0,90720.0,no,no,no,no
PulteGroup,259,2023,Homebuilders,Engineering & Construction,GA,Atlanta,13073.0,16229.0,2617.0,14797.0,6524.0,no,no,no,no
Illinois Tool Works,260,2023,Industrial Machinery,Industrials,IL,Glenview,74209.0,15932.0,3034.0,15422.0,46000.0,no,no,no,no
Parker-Hannifin,261,2023,Industrial Machinery,Industrials,OH,Cleveland,43112.0,15862.0,1316.0,25944.0,55090.0,no,yes,no,no
BorgWarner,262,2023,Motor Vehicles & Parts,Motor Vehicles & Parts,MI,Auburn Hills,11481.0,15801.0,944.0,16994.0,52700.0,no,no,no,no
Westlake,263,2023,Chemicals,Chemicals,TX,Houston,14812.0,15794.0,2247.0,20550.0,15920.0,no,no,no,no
Consolidated Edison,264,2023,Utilities: Gas and Electric,Energy,NY,New York,33967.0,15670.0,1660.0,69065.0,14319.0,no,no,no,no
Gap,265,2023,Specialty Retailers: Apparel,Retailing,CA,San Francisco,3693.0,15616.0,202.0,11386.0,95000.0,no,no,no,no
Opendoor Technologies,266,2023,Internet Services and Retailing,Technology,AZ,Tempe,1131.0,15567.0,1353.0,6608.0,2570.0,no,yes,no,no
Nordstrom,267,2023,General Merchandisers,Retailing,WA,Seattle,2606.0,15530.0,245.0,8745.0,60000.0,no,no,no,no
Asbury Automotive Group,268,2023,"Automotive Retailing, Services",Retailing,GA,Duluth,4557.0,15434.0,997.0,8021.0,13000.0,no,no,no,no
Ball,269,2023,"Packaging, Containers",Materials,CO,Westminster,17326.0,15349.0,719.0,19909.0,21000.0,no,no,no,no
Kellogg,270,2023,Food Consumer Products,"Food, Beverages & Tobacco",MI,Battle Creek,22945.0,15315.0,960.0,18496.0,30000.0,no,no,no,no
Xcel Energy,271,2023,Utilities: Gas and Electric,Energy,MN,Minneapolis,37082.0,15310.0,1736.0,61188.0,11982.0,no,no,no,no
W.W. Grainger,272,2023,Wholesalers: Diversified,Wholesalers,IL,Lake Forest,34622.0,15228.0,1547.0,7588.0,24500.0,no,no,no,no
Discover Financial Services,273,2023,Commercial Banks,Financials,IL,Riverwoods,25635.0,15202.0,4392.0,131628.0,20200.0,no,no,no,no
Baxter International,274,2023,Medical Products and Equipment,Health Care,IL,Deerfield,20504.0,15113.0,2433.0,28287.0,60000.0,no,no,no,no
Southwestern Energy,275,2023,"Mining, Crude-Oil Production",Energy,TX,Spring,5506.0,15002.0,1849.0,12926.0,1118.0,no,no,no,no
DCP Midstream,276,2023,Pipelines,Energy,CO,Denver,8701.0,14993.0,1052.0,13334.0,1910.0,no,no,no,no
Jacobs Solutions,277,2023,Engineering & Construction,Engineering & Construction,TX,Dallas,14890.0,14923.0,644.0,14660.0,58350.0,no,no,no,no
Laboratory Corp. of America,278,2023,Health Care: Pharmacy and Other Services,Health Care,NC,Burlington,20304.0,14877.0,1279.0,20155.0,75200.0,no,no,no,no
CSX,279,2023,Railroads,Transportation,FL,Jacksonville,61330.0,14853.0,4166.0,41912.0,22542.0,no,no,no,no
J.B. Hunt Transport Services,280,2023,"Trucking, Truck Leasing",Transportation,AR,Lowell,18208.0,14814.0,969.0,7787.0,37151.0,no,no,no,no
Guardian Life Ins. Co. of America,281,2023,"Insurance: Life, Health (Mutual)",Financials,NY,New York,,14653.0,71.0,91620.0,8025.0,no,no,no,no
Jackson Financial,282,2023,"Insurance: Life, Health (Stock)",Financials,MI,Lansing,3078.0,14551.0,5697.0,311058.0,3435.0,no,yes,no,no
Fidelity National Information Services,283,2023,Financial Data Services,Business Services,FL,Jacksonville,32160.0,14528.0,16720.0,63278.0,69000.0,no,yes,no,no
Berry Global Group,284,2023,"Packaging, Containers",Materials,IN,Evansville,7151.0,14495.0,766.0,16956.0,46000.0,no,no,no,no
Sempra,285,2023,Utilities: Gas and Electric,Energy,CA,San Diego,47563.0,14439.0,2138.0,78574.0,15785.0,no,no,no,no
IQVIA Holdings,286,2023,Health Care: Pharmacy and Other Services,Health Care,NC,Durham,37022.0,14410.0,1091.0,25337.0,86000.0,no,no,no,no
O'Reilly Automotive,287,2023,Specialty Retailers: Other,Retailing,MO,Springfield,52269.0,14410.0,2173.0,12628.0,79679.0,no,no,no,no
Leidos Holdings,288,2023,Information Technology Services,Technology,VA,Reston,12630.0,14396.0,685.0,13071.0,45000.0,no,no,no,no
Ameriprise Financial,289,2023,Diversified Financials,Financials,MN,Minneapolis,32228.0,14347.0,2559.0,158468.0,13500.0,no,no,no,no
Omnicom Group,290,2023,"Advertising, Marketing",Business Services,NY,New York,19001.0,14289.0,1317.0,27003.0,74200.0,no,no,no,no
Tractor Supply,291,2023,Specialty Retailers: Other,Retailing,TN,Brentwood,25830.0,14205.0,1089.0,8490.0,36500.0,no,no,no,no
Corning,292,2023,"Electronics, Electrical Equipment",Industrials,NY,Corning,29890.0,14189.0,1316.0,29499.0,57500.0,no,no,no,no
Ecolab,293,2023,Chemicals,Chemicals,MN,St. Paul,47121.0,14188.0,1092.0,21464.0,47000.0,no,no,no,no
Icahn Enterprises,294,2023,Diversified Financials,Financials,FL,Sunny Isles Beach,18283.0,14101.0,183.0,27914.0,20041.0,no,no,no,no
Farmers Insurance Exchange,295,2023,Insurance: Property and Casualty (Mutual),Financials,CA,Woodland Hills,,14092.0,314.0,22979.0,11344.0,no,no,no,no
Keurig Dr Pepper,296,2023,Beverages,"Food, Beverages & Tobacco",MA,Burlington,49620.0,14057.0,1436.0,51837.0,28000.0,no,no,no,no
Loews,297,2023,Insurance: Property and Casualty (Stock),Financials,NY,New York,13395.0,14044.0,1012.0,75494.0,12050.0,no,no,no,no
Equitable Holdings,298,2023,"Insurance: Life, Health (Stock)",Financials,NY,New York,9186.0,14017.0,1785.0,253468.0,10250.0,no,no,no,no
Sonic Automotive,299,2023,"Automotive Retailing, Services",Retailing,NC,Charlotte,1930.0,14001.0,89.0,4978.0,10300.0,no,no,no,no
Fox,300,2023,Entertainment,Media,NY,New York,17551.0,13974.0,1205.0,22185.0,10600.0,no,no,no,no
American Family Insurance Group,301,2023,Insurance: Property and Casualty (Stock),Financials,WI,Madison,,13814.0,1904.0,36088.0,12990.0,no,no,no,no
Entergy,302,2023,Utilities: Gas and Electric,Energy,LA,New Orleans,22851.0,13764.0,1103.0,58595.0,11707.0,no,no,no,no
Fluor,303,2023,Engineering & Construction,Engineering & Construction,TX,Irving,4392.0,13744.0,145.0,6827.0,39576.0,no,no,no,no
Vistra,304,2023,Energy,Energy,TX,Irving,9155.0,13728.0,1227.0,32787.0,4910.0,no,no,no,no
State Street,305,2023,Commercial Banks,Financials,MA,Boston,26074.0,13692.0,2774.0,301450.0,42226.0,no,no,no,no
Otis Worldwide,306,2023,Industrial Machinery,Industrials,CT,Farmington,35015.0,13685.0,1253.0,9819.0,69000.0,no,yes,no,no
Peter Kiewit Sons',307,2023,Engineering & Construction,Engineering & Construction,NE,Omaha,,13663.0,710.0,7220.0,25700.0,no,no,no,no
Carvana,308,2023,"Automotive Retailing, Services",Retailing,AZ,Tempe,1761.0,13604.0,1587.0,8698.0,16600.0,yes,no,no,no
Republic Services,309,2023,Waste Management,Business Services,AZ,Phoenix,42763.0,13511.0,1488.0,29053.0,40000.0,no,no,no,no
AECOM,310,2023,Engineering & Construction,Engineering & Construction,TX,Dallas,11716.0,13496.0,311.0,11139.0,50000.0,no,no,no,no
Universal Health Services,311,2023,Health Care: Medical Facilities,Health Care,PA,King of Prussia,8982.0,13399.0,676.0,13494.0,82500.0,no,no,no,no
Pacific Life,312,2023,"Insurance: Life, Health (Stock)",Financials,CA,Newport Beach,,13360.0,763.0,199324.0,3950.0,no,no,no,no
VMware,313,2023,Computer Software,Technology,CA,Palo Alto,53496.0,13350.0,1314.0,31237.0,38300.0,no,no,yes,no
Western & Southern Financial Group,314,2023,"Insurance: Life, Health (Mutual)",Financials,OH,Cincinnati,,13156.0,309.0,69147.0,2594.0,no,no,no,no
MGM Resorts International,315,2023,"Hotels, Casinos, Resorts","Hotels, Restaurants & Leisure",NV,Las Vegas,16564.0,13128.0,1473.0,45692.0,66000.0,no,no,no,no
Casey's General Stores,316,2023,Specialty Retailers: Other,Retailing,IA,Ankeny,8066.0,12953.0,340.0,5506.0,31466.0,no,no,no,no
Crown Holdings,317,2023,"Packaging, Containers",Materials,FL,Tampa,9934.0,12943.0,727.0,14301.0,26000.0,no,no,no,no
Textron,318,2023,Aerospace & Defense,Aerospace & Defense,RI,Providence,14385.0,12869.0,861.0,16293.0,34000.0,no,no,no,no
LKQ,319,2023,Wholesalers: Diversified,Wholesalers,IL,Chicago,15171.0,12794.0,1149.0,12038.0,45000.0,no,no,no,no
Norfolk Southern,320,2023,Railroads,Transportation,GA,Atlanta,48257.0,12745.0,3270.0,38885.0,19300.0,no,no,no,no
Intuit,321,2023,Computer Software,Technology,CA,Mountain View,125076.0,12726.0,2066.0,27734.0,21850.0,no,no,no,no
Air Products & Chemicals,322,2023,Chemicals,Chemicals,PA,Allentown,63784.0,12699.0,2256.0,27193.0,20805.0,no,no,no,no
Boston Scientific,323,2023,Medical Products and Equipment,Health Care,MA,Marlborough,71910.0,12682.0,698.0,32469.0,45000.0,no,no,no,no
AGCO,324,2023,Construction and Farm Machinery,Industrials,GA,Duluth,10119.0,12651.0,890.0,10104.0,25600.0,no,no,no,no
Henry Schein,325,2023,Wholesalers: Health Care,Health Care,NY,Melville,10705.0,12647.0,538.0,8607.0,22000.0,no,no,no,no
Amphenol,326,2023,Network and Other Communications Equipment,Technology,CT,Wallingford,48591.0,12623.0,1902.0,15326.0,91000.0,no,no,no,no
AES,327,2023,Utilities: Gas and Electric,Energy,VA,Arlington,16110.0,12617.0,546.0,38363.0,9100.0,no,no,no,no
Mutual of Omaha,328,2023,"Insurance: Life, Health (Mutual)",Financials,NE,Omaha,,12531.0,177.0,45140.0,6350.0,no,no,no,no
Ovintiv,329,2023,"Mining, Crude-Oil Production",Energy,CO,Denver,8772.0,12464.0,3637.0,15056.0,1744.0,no,no,no,no
Hormel Foods,330,2023,Food Consumer Products,"Food, Beverages & Tobacco",MN,Austin,21796.0,12459.0,1000.0,13307.0,20000.0,no,no,no,no
Alcoa,331,2023,Metals,Materials,PA,Pittsburgh,7591.0,12451.0,123.0,14756.0,13100.0,no,no,no,no
International Flavors & Fragrances,332,2023,Chemicals,Chemicals,NY,New York,23456.0,12440.0,1871.0,35407.0,24600.0,no,no,no,no
Jones Financial (Edward Jones),333,2023,Securities,Financials,MO,Des Peres,,12411.0,1404.0,29892.0,52000.0,no,yes,no,no
Dick's Sporting Goods,334,2023,Specialty Retailers: Other,Retailing,PA,Coraopolis,12148.0,12368.0,1043.0,8992.0,35800.0,no,yes,no,no
Eversource Energy,335,2023,Utilities: Gas and Electric,Energy,MA,Springfield,27287.0,12289.0,1405.0,53231.0,9626.0,no,no,no,no
Wayfair,336,2023,Internet Services and Retailing,Retailing,MA,Boston,3796.0,12218.0,1331.0,3580.0,15745.0,yes,no,no,no
Community Health Systems,337,2023,Health Care: Medical Facilities,Health Care,TN,Franklin,670.0,12211.0,46.0,14669.0,58500.0,no,no,no,no
Ally Financial,338,2023,Diversified Financials,Financials,MI,Detroit,7668.0,12199.0,1714.0,191826.0,11600.0,no,no,no,no
Regeneron Pharmaceuticals,339,2023,Pharmaceuticals,Health Care,NY,Tarrytown,89830.0,12173.0,4338.0,29215.0,11851.0,yes,no,no,no
Liberty Media,340,2023,Entertainment,Media,CO,Englewood,9130.0,12164.0,1815.0,42464.0,7283.0,no,no,no,no
APA,341,2023,"Mining, Crude-Oil Production",Energy,TX,Houston,11213.0,12132.0,3674.0,13147.0,2273.0,no,no,no,no
Qurate Retail,342,2023,Internet Services and Retailing,Retailing,CO,Englewood,406.0,12106.0,2594.0,12571.0,24683.0,no,no,no,no
FirstEnergy,343,2023,Utilities: Gas and Electric,Energy,OH,Akron,22924.0,12053.0,406.0,46108.0,12335.0,no,no,no,no
Analog Devices,344,2023,Semiconductors and Other Electronic Components,Technology,MA,Wilmington,99764.0,12014.0,2749.0,50302.0,24450.0,no,no,no,no
Ryder System,345,2023,Transportation and Logistics,Transportation,FL,Miami,4147.0,12011.0,867.0,14395.0,48300.0,no,no,no,no
Avis Budget Group,346,2023,"Automotive Retailing, Services",Retailing,NJ,Parsippany,7689.0,11994.0,2764.0,25927.0,21500.0,no,no,no,no
Unum Group,347,2023,"Insurance: Life, Health (Stock)",Financials,TN,Chattanooga,7805.0,11991.0,1314.0,61435.0,10801.0,no,no,no,no
Newmont,348,2023,"Mining, Crude-Oil Production",Energy,CO,Denver,38947.0,11915.0,429.0,38482.0,14600.0,no,no,no,no
VF,349,2023,Apparel,Apparel,CO,Denver,8904.0,11842.0,1387.0,13342.0,27650.0,no,no,no,no
Chesapeake Energy,350,2023,"Mining, Crude-Oil Production",Energy,OK,Oklahoma City,10244.0,11743.0,4936.0,15468.0,1200.0,no,no,yes,no
Mohawk Industries,351,2023,"Home Equipment, Furnishings",Household Products,GA,Calhoun,6368.0,11737.0,25.0,14120.0,40900.0,no,no,no,no
Markel,352,2023,Insurance: Property and Casualty (Stock),Financials,VA,Glen Allen,17094.0,11675.0,214.0,49791.0,20900.0,no,no,no,no
Expedia Group,353,2023,Internet Services and Retailing,Retailing,WA,Seattle,14879.0,11667.0,352.0,21561.0,16500.0,no,no,no,no
Caesars Entertainment,354,2023,"Hotels, Casinos, Resorts","Hotels, Restaurants & Leisure",NV,Reno,10503.0,11647.0,899.0,33527.0,49000.0,no,no,no,no
United Rentals,355,2023,Equipment Leasing,Business Services,CT,Stamford,27460.0,11642.0,2105.0,24183.0,24600.0,no,no,no,no
Apollo Global Management,356,2023,Securities,Financials,NY,New York,36042.0,11627.0,3213.0,259333.0,4258.0,yes,no,no,no
DaVita,357,2023,Health Care: Medical Facilities,Health Care,CO,Denver,7332.0,11610.0,560.0,16928.0,70000.0,no,no,no,no
Hess,358,2023,"Mining, Crude-Oil Production",Energy,NY,New York,40520.0,11570.0,2096.0,21695.0,1623.0,no,no,no,no
Fidelity National Financial,359,2023,Insurance: Property and Casualty (Stock),Financials,FL,Jacksonville,9508.0,11556.0,1136.0,65589.0,21759.0,no,no,no,no
Conagra Brands,360,2023,Food Consumer Products,"Food, Beverages & Tobacco",IL,Chicago,17902.0,11536.0,888.0,22435.0,18000.0,no,no,no,no
Univar Solutions,361,2023,Wholesalers: Diversified,Wholesalers,IL,Downers Grove,5521.0,11475.0,545.0,7146.0,9746.0,no,no,no,no
Auto-Owners Insurance,362,2023,Insurance: Property and Casualty (Mutual),Financials,MI,Lansing,,11407.0,55.0,33219.0,6733.0,no,no,no,no
Raymond James Financial,363,2023,Securities,Financials,FL,St. Petersburg,20086.0,11308.0,1509.0,80951.0,17000.0,no,no,no,no
Seaboard,364,2023,Food Production,"Food, Beverages & Tobacco",KS,Merriam,4376.0,11243.0,580.0,7902.0,12614.0,no,no,no,no
CF Industries Holdings,365,2023,Chemicals,Chemicals,IL,Deerfield,14206.0,11186.0,3346.0,13313.0,2659.0,no,no,no,no
S&P Global,366,2023,Financial Data Services,Business Services,NY,New York,113066.0,11181.0,3248.0,61784.0,39950.0,no,no,no,no
W.R. Berkley,367,2023,Insurance: Property and Casualty (Stock),Financials,CT,Greenwich,16402.0,11167.0,1381.0,33861.0,8186.0,no,no,no,no
Advance Auto Parts,368,2023,Specialty Retailers: Other,Retailing,NC,Raleigh,7208.0,11155.0,502.0,12019.0,53500.0,no,no,no,no
EMCOR Group,369,2023,Engineering & Construction,Engineering & Construction,CT,Norwalk,7754.0,11076.0,406.0,5525.0,35500.0,no,no,no,no
Williams,370,2023,Pipelines,Energy,OK,Tulsa,36394.0,10965.0,2049.0,48433.0,5043.0,no,no,no,no
Interpublic Group,371,2023,"Advertising, Marketing",Business Services,NY,New York,14341.0,10928.0,938.0,18845.0,58400.0,no,no,no,no
TravelCenters of America,372,2023,Specialty Retailers: Other,Retailing,OH,Westlake,1306.0,10845.0,164.0,3653.0,17195.0,no,no,no,no
American Tower,373,2023,Real Estate,Financials,MA,Boston,95150.0,10711.0,1766.0,67195.0,6391.0,no,no,no,no
Molson Coors Beverage,374,2023,Beverages,"Food, Beverages & Tobacco",IL,Chicago,11360.0,10701.0,175.0,25868.0,16600.0,no,no,no,no
Huntington Ingalls Industries,375,2023,Aerospace & Defense,Aerospace & Defense,VA,Newport News,8265.0,10676.0,579.0,10857.0,43000.0,no,no,no,no
NVR,376,2023,Homebuilders,Engineering & Construction,VA,Reston,18096.0,10580.0,1726.0,5661.0,6550.0,no,no,no,no
Eastman Chemical,377,2023,Chemicals,Chemicals,TN,Kingsport,10048.0,10580.0,793.0,14667.0,14500.0,no,no,no,no
Graybar Electric,378,2023,Wholesalers: Diversified,Wholesalers,MO,St. Louis,,10534.0,453.0,3749.0,9400.0,no,yes,no,no
Insight Enterprises,379,2023,Information Technology Services,Technology,AZ,Chandler,4833.0,10431.0,281.0,5113.0,13448.0,no,yes,no,no
Hershey,380,2023,Food Consumer Products,"Food, Beverages & Tobacco",PA,Hershey,51909.0,10419.0,1645.0,10949.0,18970.0,no,yes,no,no
News Corp.,381,2023,"Publishing, Printing",Media,NY,New York,9972.0,10385.0,623.0,17221.0,25500.0,no,no,no,no
Toll Brothers,382,2023,Homebuilders,Engineering & Construction,PA,Fort Washington,6647.0,10276.0,1287.0,12289.0,5200.0,no,no,no,no
Ulta Beauty,383,2023,Specialty Retailers: Other,Retailing,IL,Bolingbrook,27390.0,10209.0,1242.0,5370.0,35750.0,no,no,no,no
Assurant,384,2023,Insurance: Property and Casualty (Stock),Financials,GA,Atlanta,6354.0,10193.0,277.0,33124.0,13700.0,no,no,no,no
Weyerhaeuser,385,2023,Forest and Paper Products,Materials,WA,Seattle,22082.0,10184.0,1880.0,17340.0,9264.0,no,no,no,no
Biogen,386,2023,Pharmaceuticals,Health Care,MA,Cambridge,40171.0,10173.0,3047.0,24554.0,8725.0,no,no,no,no
Dana,387,2023,Motor Vehicles & Parts,Motor Vehicles & Parts,OH,Maumee,2172.0,10156.0,242.0,7449.0,41800.0,no,no,no,no
UGI,388,2023,Utilities: Gas and Electric,Energy,PA,King of Prussia,7284.0,10106.0,1073.0,17575.0,10000.0,no,no,no,no
Chewy,389,2023,Internet Services and Retailing,Retailing,FL,Plantation,15959.0,10099.0,49.0,2515.0,19400.0,no,no,no,no
Owens & Minor,390,2023,Wholesalers: Health Care,Health Care,VA,Mechanicsville,1109.0,9956.0,22.0,5386.0,22500.0,no,no,no,no
Quest Diagnostics,391,2023,Health Care: Pharmacy and Other Services,Health Care,NJ,Secaucus,15750.0,9883.0,946.0,12837.0,44500.0,no,no,no,no
Public Service Enterprise Group,392,2023,Utilities: Gas and Electric,Energy,NJ,Newark,31148.0,9800.0,1031.0,48718.0,12525.0,no,no,no,no
eBay,393,2023,Internet Services and Retailing,Technology,CA,San Jose,23821.0,9795.0,1269.0,20850.0,11600.0,no,no,no,no
MasTec,394,2023,Engineering & Construction,Engineering & Construction,FL,Coral Gables,7441.0,9778.0,33.0,9293.0,32000.0,no,no,no,no
Owens Corning,395,2023,"Building Materials, Glass",Materials,OH,Toledo,8697.0,9761.0,1241.0,10752.0,19000.0,no,no,no,no
Celanese,396,2023,Chemicals,Chemicals,TX,Irving,12068.0,9673.0,1894.0,26272.0,13263.0,no,yes,no,no
Altice USA,397,2023,Telecommunications,Telecommunications,NY,Long Island City,1560.0,9648.0,195.0,33665.0,11000.0,no,no,no,no
Alaska Air Group,398,2023,Airlines,Transportation,WA,Seattle,5348.0,9646.0,58.0,14186.0,24196.0,no,no,yes,no
SpartanNash,399,2023,Wholesalers: Food and Grocery,Wholesalers,MI,Byron Center,870.0,9643.0,35.0,2307.0,14000.0,no,no,no,no
Diamondback Energy,400,2023,"Mining, Crude-Oil Production",Energy,TX,Midland,24816.0,9643.0,4386.0,26209.0,972.0,no,no,no,no
Intercontinental Exchange,401,2023,Securities,Financials,GA,Atlanta,58372.0,9636.0,1446.0,194338.0,8911.0,yes,no,no,no
Darden Restaurants,402,2023,Food Services,"Hotels, Restaurants & Leisure",FL,Orlando,18884.0,9630.0,953.0,10136.0,178956.0,no,no,no,no
UFP Industries,403,2023,"Building Materials, Glass",Materials,MI,Grand Rapids,4964.0,9627.0,693.0,3672.0,15500.0,no,no,no,no
WEC Energy Group,404,2023,Utilities: Gas and Electric,Energy,WI,Milwaukee,29900.0,9597.0,1408.0,41872.0,7022.0,no,no,no,no
Yum China Holdings,405,2023,Food Services,"Hotels, Restaurants & Leisure",TX,Plano,26517.0,9569.0,442.0,11826.0,275500.0,no,yes,no,no
EnLink Midstream,406,2023,Pipelines,Energy,TX,Dallas,5102.0,9542.0,361.0,8651.0,1132.0,no,no,no,no
Continental Resources,407,2023,"Mining, Crude-Oil Production",Energy,OK,Oklahoma City,,9474.0,4025.0,20878.0,1404.0,no,no,yes,no
Newell Brands,408,2023,"Home Equipment, Furnishings",Household Products,GA,Atlanta,5145.0,9459.0,197.0,13262.0,28000.0,no,no,no,no
Graphic Packaging Holding,409,2023,"Packaging, Containers",Materials,GA,Atlanta,7829.0,9440.0,522.0,10328.0,24000.0,no,no,no,no
Olin,410,2023,Chemicals,Chemicals,MO,Clayton,7263.0,9376.0,1327.0,8044.0,7780.0,no,no,no,no
Fifth Third Bancorp,411,2023,Commercial Banks,Financials,OH,Cincinnati,18143.0,9353.0,2446.0,207452.0,19319.0,no,no,no,no
Thrivent Financial for Lutherans,412,2023,"Insurance: Life, Health (Mutual)",Financials,MN,Minneapolis,,9347.0,1085.0,110100.0,3692.0,no,yes,no,no
CenterPoint Energy,413,2023,Utilities: Gas and Electric,Energy,TX,Houston,18589.0,9321.0,1057.0,38546.0,8986.0,no,no,no,no
Erie Insurance Group,414,2023,Insurance: Property and Casualty (Mutual),Financials,PA,Erie,,9296.0,577.0,26598.0,5997.0,no,no,no,no
CommScope Holding,415,2023,Network and Other Communications Equipment,Technology,NC,Hickory,1336.0,9228.0,1287.0,11685.0,30000.0,no,no,no,no
KLA,416,2023,Semiconductors and Other Electronic Components,Technology,CA,Milpitas,55277.0,9212.0,3322.0,12597.0,14140.0,no,no,no,no
JetBlue Airways,417,2023,Airlines,Transportation,NY,Long Island City,2383.0,9158.0,362.0,13045.0,18785.0,no,no,yes,no
Motorola Solutions,418,2023,Network and Other Communications Equipment,Technology,IL,Chicago,47917.0,9112.0,1363.0,12814.0,20000.0,no,no,no,no
Citizens Financial Group,419,2023,Commercial Banks,Financials,RI,Providence,14709.0,9069.0,2073.0,226733.0,18889.0,no,no,no,no
Coterra Energy,420,2023,"Mining, Crude-Oil Production",Energy,TX,Houston,18786.0,9051.0,4065.0,20154.0,1225.0,no,no,yes,no
Avery Dennison,421,2023,"Packaging, Containers",Materials,OH,Mentor,14513.0,9039.0,757.0,7951.0,36000.0,no,no,no,no
PVH,422,2023,Apparel,Apparel,NY,New York,5592.0,9024.0,200.0,11768.0,25000.0,no,no,no,no
GXO Logistics,423,2023,Transportation and Logistics,Transportation,CT,Greenwich,5993.0,8993.0,197.0,9219.0,112000.0,no,no,no,no
Polaris,424,2023,Transportation Equipment,Transportation,MN,Medina,6304.0,8987.0,447.0,5218.0,16200.0,no,no,no,no
Global Payments,425,2023,Financial Data Services,Business Services,GA,Atlanta,27761.0,8976.0,112.0,44809.0,25000.0,no,no,no,no
Arconic,426,2023,Metals,Materials,PA,Pittsburgh,2607.0,8961.0,182.0,6015.0,11550.0,no,no,no,no
Vertex Pharmaceuticals,427,2023,Pharmaceuticals,Health Care,MA,Boston,81002.0,8931.0,3322.0,18151.0,4800.0,no,yes,no,no
Commercial Metals,428,2023,Metals,Materials,TX,Irving,5727.0,8914.0,1217.0,6237.0,12483.0,no,yes,no,no
Autoliv,429,2023,Motor Vehicles & Parts,Motor Vehicles & Parts,MI,Auburn Hills,8013.0,8842.0,423.0,7717.0,65300.0,no,no,no,no
Constellation Brands,430,2023,Beverages,"Food, Beverages & Tobacco",NY,Victor,41688.0,8821.0,40.0,25856.0,10000.0,no,no,no,no
Hilton Worldwide Holdings,431,2023,"Hotels, Casinos, Resorts","Hotels, Restaurants & Leisure",VA,McLean,37535.0,8773.0,1255.0,15512.0,159000.0,no,no,yes,no
Foot Locker,432,2023,Specialty Retailers: Apparel,Retailing,NY,New York,3708.0,8759.0,342.0,7907.0,31040.0,no,yes,no,no
Huntsman,433,2023,Chemicals,Chemicals,TX,The Woodlands,5025.0,8715.0,460.0,8220.0,7000.0,no,no,no,no
Burlington Stores,434,2023,Specialty Retailers: Apparel,Retailing,NJ,Burlington,13123.0,8703.0,230.0,7270.0,38018.0,no,no,no,no
Hertz Global Holdings,435,2023,"Automotive Retailing, Services",Retailing,FL,Estero,5252.0,8685.0,2059.0,22497.0,25000.0,no,no,no,no
Masco,436,2023,"Home Equipment, Furnishings",Household Products,MI,Livonia,11207.0,8680.0,844.0,5187.0,19000.0,no,no,no,no
Williams-Sonoma,437,2023,Specialty Retailers: Other,Retailing,CA,San Francisco,8057.0,8674.0,1128.0,4663.0,16800.0,no,yes,no,no
Chipotle Mexican Grill,438,2023,Food Services,"Hotels, Restaurants & Leisure",CA,Newport Beach,47186.0,8635.0,899.0,6928.0,104958.0,no,no,no,no
M&T Bank,439,2023,Commercial Banks,Financials,NY,Buffalo,20093.0,8604.0,1992.0,200730.0,22509.0,no,no,yes,no
LPL Financial Holdings,440,2023,Securities,Financials,CA,San Diego,15914.0,8601.0,846.0,9482.0,6415.0,no,no,no,no
CMS Energy,441,2023,Utilities: Gas and Electric,Energy,MI,Jackson,17902.0,8596.0,837.0,31353.0,8817.0,no,no,no,no
Campbell Soup,442,2023,Food Consumer Products,"Food, Beverages & Tobacco",NJ,Camden,16465.0,8562.0,757.0,11892.0,14700.0,no,no,no,no
Arthur J. Gallagher,443,2023,Diversified Financials,Financials,IL,Rolling Meadows,40955.0,8551.0,1114.0,38908.0,43640.0,no,no,no,no
Blackstone,444,2023,Diversified Financials,Financials,NY,New York,62048.0,8518.0,1748.0,42524.0,4695.0,yes,no,no,no
Dover,445,2023,Industrial Machinery,Industrials,IL,Downers Grove,21237.0,8508.0,1065.0,10897.0,25000.0,no,no,no,no
ODP,446,2023,Specialty Retailers: Other,Retailing,FL,Boca Raton,1806.0,8491.0,166.0,4149.0,25000.0,no,no,no,no
Packaging Corp. of America,447,2023,"Packaging, Containers",Materials,IL,Lake Forest,12479.0,8478.0,1030.0,8004.0,15100.0,no,no,no,no
Brighthouse Financial,448,2023,"Insurance: Life, Health (Stock)",Financials,NC,Charlotte,2986.0,8473.0,5.0,225580.0,1500.0,no,no,no,no
Beacon Roofing Supply,449,2023,Wholesalers: Diversified,Wholesalers,VA,Herndon,3781.0,8430.0,458.0,6004.0,7478.0,no,no,no,no
Airbnb,450,2023,Internet Services and Retailing,Technology,CA,San Francisco,79682.0,8399.0,1893.0,16038.0,6811.0,yes,no,yes,no
Boise Cascade,451,2023,Wholesalers: Diversified,Wholesalers,ID,Boise,2506.0,8387.0,858.0,3241.0,6840.0,no,no,no,no
Booz Allen Hamilton Holding,452,2023,Information Technology Services,Technology,VA,McLean,12261.0,8364.0,467.0,6026.0,29300.0,no,no,no,no
Westinghouse Air Brake Technologies,453,2023,Industrial Machinery,Industrials,PA,Pittsburgh,18226.0,8362.0,633.0,18516.0,27000.0,no,no,no,no
ON Semiconductor,454,2023,Semiconductors and Other Electronic Components,Technology,AZ,Scottsdale,35560.0,8326.0,1902.0,11979.0,31055.0,no,no,no,no
Oshkosh,455,2023,Construction and Farm Machinery,Industrials,WI,Oshkosh,5445.0,8282.0,174.0,7729.0,15000.0,no,no,no,no
Franklin Resources,456,2023,Securities,Financials,CA,San Mateo,13480.0,8275.0,1292.0,28061.0,9800.0,no,yes,no,no
Taylor Morrison Home,457,2023,Homebuilders,Engineering & Construction,AZ,Scottsdale,4144.0,8225.0,1053.0,8471.0,3000.0,no,yes,no,no
A-Mark Precious Metals,458,2023,Wholesalers: Diversified,Wholesalers,CA,El Segundo,815.0,8159.0,133.0,1443.0,381.0,no,no,no,no
KeyCorp,459,2023,Commercial Banks,Financials,OH,Cleveland,11579.0,8130.0,1917.0,189813.0,17660.0,no,no,no,no
ARKO,460,2023,Specialty Retailers: Other,Retailing,VA,Richmond,1020.0,8128.0,72.0,3255.0,12223.0,no,no,no,no
Lululemon athletica,461,2023,Specialty Retailers: Apparel,Retailing,WA,Sumner,46312.0,8111.0,855.0,5607.0,34000.0,no,no,yes,no
Old Republic International,462,2023,Insurance: Property and Casualty (Stock),Financials,IL,Chicago,7399.0,8084.0,686.0,25159.0,9500.0,no,no,no,no
Zoetis,463,2023,Pharmaceuticals,Health Care,NJ,Parsippany,77053.0,8080.0,2114.0,14925.0,13800.0,no,yes,no,no
Marathon Oil,464,2023,"Mining, Crude-Oil Production",Energy,TX,Houston,15087.0,8036.0,3612.0,19940.0,1570.0,no,no,yes,no
J.M. Smucker,465,2023,Food Consumer Products,"Food, Beverages & Tobacco",OH,Orrville,16781.0,7999.0,632.0,16055.0,6700.0,no,no,no,no
Huntington Bancshares,466,2023,Commercial Banks,Financials,OH,Columbus,16236.0,7950.0,2238.0,182906.0,19920.0,no,no,yes,no
NGL Energy Partners,467,2023,Pipelines,Energy,OK,Tulsa,381.0,7948.0,185.0,6070.0,842.0,no,no,yes,no
Ingredion,468,2023,Food Production,"Food, Beverages & Tobacco",IL,Westchester,6711.0,7946.0,492.0,7561.0,11700.0,no,no,no,no
Fortune Brands Innovations,469,2023,"Building Materials, Glass",Materials,IL,Deerfield,7457.0,7923.0,687.0,6121.0,11200.0,no,no,no,no
PPL,470,2023,Utilities: Gas and Electric,Energy,PA,Allentown,20472.0,7902.0,756.0,37837.0,6527.0,no,no,no,no
Sanmina,471,2023,Semiconductors and Other Electronic Components,Technology,CA,San Jose,3559.0,7891.0,256.0,4860.0,36000.0,yes,no,no,no
Bed Bath & Beyond,472,2023,Specialty Retailers: Other,Retailing,NJ,Union,183.0,7868.0,560.0,5131.0,32000.0,no,yes,no,no
Cintas,473,2023,Diversified Outsourcing Services,Business Services,OH,Cincinnati,47042.0,7855.0,1236.0,8147.0,43000.0,no,no,no,no
NCR,474,2023,"Computers, Office Equipment",Technology,GA,Atlanta,3304.0,7844.0,60.0,11507.0,35000.0,no,no,no,no
ABM Industries,475,2023,Diversified Outsourcing Services,Business Services,NY,New York,2971.0,7807.0,230.0,4869.0,127000.0,no,no,yes,no
Rockwell Automation,476,2023,"Electronics, Electrical Equipment",Industrials,WI,Milwaukee,33683.0,7760.0,932.0,10759.0,26000.0,no,no,no,no
Northern Trust,477,2023,Commercial Banks,Financials,IL,Chicago,18309.0,7752.0,1336.0,155037.0,23600.0,no,no,no,no
XPO,478,2023,Transportation and Logistics,Transportation,CT,Greenwich,3685.0,7718.0,666.0,6269.0,39500.0,no,no,no,no
Science Applications International,479,2023,Information Technology Services,Technology,VA,Reston,5871.0,7704.0,300.0,5543.0,25000.0,no,yes,no,no
Ameren,480,2023,Utilities: Gas and Electric,Energy,MO,St. Louis,22675.0,7662.0,1074.0,37904.0,9244.0,no,no,no,no
First American Financial,481,2023,Insurance: Property and Casualty (Stock),Financials,CA,Santa Ana,5750.0,7605.0,263.0,14955.0,21153.0,no,no,no,no
Bath & Body Works,482,2023,Specialty Retailers: Other,Retailing,OH,Columbus,8368.0,7560.0,800.0,5494.0,33000.0,no,yes,no,no
Regions Financial,483,2023,Commercial Banks,Financials,AL,Birmingham,17346.0,7531.0,2245.0,155220.0,20073.0,no,no,no,no
Activision Blizzard,484,2023,Entertainment,Media,CA,Santa Monica,67126.0,7528.0,1513.0,27383.0,13000.0,no,no,no,no
Avantor,485,2023,"Scientific, Photographic and Control Equipment",Technology,PA,Radnor,14271.0,7512.0,687.0,13464.0,14500.0,no,no,no,no
Genworth Financial,486,2023,"Insurance: Life, Health (Stock)",Financials,VA,Richmond,2477.0,7507.0,609.0,86442.0,2500.0,no,no,no,no
EQT,487,2023,Energy,Energy,PA,Pittsburgh,11499.0,7498.0,1771.0,22670.0,744.0,no,no,yes,no
Skechers U.S.A.,488,2023,Apparel,Apparel,CA,Manhattan Beach,7379.0,7445.0,373.0,6894.0,11450.0,yes,no,yes,no
Landstar System,489,2023,"Trucking, Truck Leasing",Transportation,FL,Jacksonville,6457.0,7440.0,431.0,1932.0,1449.0,no,no,no,no
Knight-Swift Transportation Holdings,490,2023,"Trucking, Truck Leasing",Transportation,AZ,Phoenix,9106.0,7429.0,771.0,10952.0,28300.0,no,no,yes,no
SVB Financial Group,491,2023,Commercial Banks,Financials,CA,Santa Clara,54.0,7401.0,1672.0,211793.0,8553.0,no,no,yes,no
Par Pacific Holdings,492,2023,Petroleum Refining,Energy,TX,Houston,1773.0,7322.0,364.0,3281.0,1397.0,no,no,yes,no
Albemarle,493,2023,Chemicals,Chemicals,NC,Charlotte,25928.0,7320.0,2690.0,15457.0,7400.0,no,no,yes,no
Vulcan Materials,494,2023,"Building Materials, Glass",Materials,AL,Birmingham,22827.0,7315.0,576.0,14235.0,11974.0,no,no,yes,no
Watsco,495,2023,Wholesalers: Diversified,Wholesalers,FL,Miami,12354.0,7274.0,601.0,3488.0,7238.0,no,no,yes,no
KKR,496,2023,Securities,Financials,NY,New York,45225.0,7273.0,841.0,277077.0,4150.0,no,no,no,no
Equinix,497,2023,Real Estate,Financials,CA,Redwood City,66873.0,7263.0,704.0,30311.0,12097.0,no,no,no,no
Sonoco Products,498,2023,"Packaging, Containers",Materials,SC,Hartsville,5975.0,7251.0,466.0,7053.0,22000.0,no,no,yes,no
ServiceNow,499,2023,Computer Software,Technology,CA,Santa Clara,94338.0,7245.0,325.0,13299.0,20433.0,no,no,yes,no
Robert Half International,500,2023,Temporary Help,Business Services,CA,Menlo Park,8677.0,7238.0,658.0,2965.0,16300.0,no,no,no,no
